City_ID,City,Lat,Lng,Max Temp,Humidity,Cloudiness,Wind Speed,Country,Date
0,nar'yan-mar,67.6713,53.087,-5.97,86,9,7.03,RU,1744183406
1,crane,31.3974,-102.3501,16.55,20,0,6.88,US,1744183407
2,manacapuru,-3.2997,-60.6206,24.01,95,100,1.07,BR,1744183408
3,blackmans bay,-43.0167,147.3167,16.96,64,0,2.4,AU,1744183409
4,puerto natales,-51.7236,-72.4875,7.48,87,100,0.79,CL,1744183410
5,castillos,-34.1667,-53.8333,17.54,91,100,6.97,UY,1744183411
6,mashava,-20.0367,30.4823,26.71,43,3,2.67,ZW,1744183414
7,colonia,50.9333,6.95,9.47,68,0,1.03,DE,1744183415
8,lorengau,-2.0226,147.2712,28.41,79,67,2.69,PG,1744183416
9,adamstown,-25.066,-130.1015,23.58,70,89,7.79,PN,1744183295
10,yicheng,31.3705,119.8703,27.63,40,100,3.26,CN,1744183418
11,vorgashor,67.5833,63.95,-8.95,84,90,5.44,RU,1744183419
12,itamaraca,-7.7478,-34.8256,25.81,86,81,3.63,BR,1744183420
13,codrington,-38.2667,141.9667,15.76,65,100,2.39,AU,1744183422
14,tazovsky,67.4667,78.7,-12.62,90,85,2.64,RU,1744183423
15,nosivka,50.9315,31.5828,1.61,46,15,3.36,UA,1744183424
16,buka,40.8108,69.1986,21.64,52,100,2.47,UZ,1744183425
17,invercargill,-46.4,168.35,12.79,91,98,6.26,NZ,1744183426
18,bathurst,-33.4166,149.5806,18.46,54,16,0.53,AU,1744183428
19,wailua homesteads,22.0669,-159.378,22.44,89,100,7.72,US,1744183429
20,yellowknife,62.456,-114.3525,1.9,100,20,3.6,CA,1744183308
21,sitia,35.2,26.0986,13.3,62,68,7.68,GR,1744183432
22,albany,42.6001,-73.9662,-3.47,70,73,0.89,US,1744183401
23,popondetta,-8.7537,148.2534,26.94,91,100,1.16,PG,1744183434
24,namie,37.4833,141.0,14.43,62,5,5.7,JP,1744183435
25,bredasdorp,-34.5322,20.0403,18.86,82,99,4.96,ZA,1744183436
26,glace bay,46.1969,-59.957,-1.62,96,100,4.63,CA,1744183437
27,grytviken,-54.2811,-36.5092,5.1,87,88,3.67,GS,1744183149
28,iqaluit,63.7506,-68.5145,-6.15,79,100,9.77,CA,1744183439
29,glubokoye,50.1456,82.3114,9.86,93,100,5.0,KZ,1744183441
30,ilulissat,69.2167,-51.1,10.01,43,75,4.63,GL,1744183442
31,lebu,-37.6167,-73.65,11.36,93,100,2.16,CL,1744183443
32,kapa'a,22.0752,-159.319,23.18,89,100,7.72,US,1744183444
33,kyren,51.6828,102.1408,12.28,46,100,2.92,RU,1744183445
34,nzerekore,7.7562,-8.8179,20.26,94,97,0.79,GN,1744183446
35,mugia,43.1041,-9.2179,13.84,73,100,3.25,ES,1744183447
36,gorontalo,0.5412,123.0595,27.23,89,100,0.69,ID,1744183448
37,port mathurin,-19.6833,63.4167,27.33,71,94,7.91,MU,1744183450
38,waitangi,-43.9535,-176.5597,12.12,78,100,4.02,NZ,1744183382
39,grand-bassam,5.2118,-3.7388,26.98,85,100,1.09,CI,1744183452
40,urzhar,47.093,81.6294,13.68,74,78,2.65,KZ,1744183453
41,tiksi,71.6872,128.8694,-15.17,92,100,3.26,RU,1744183454
42,ust'-uda,54.1742,103.0304,5.61,43,98,4.61,RU,1744183455
43,arkhangel'sk,64.5401,40.5433,-0.94,40,20,3.0,RU,1744183456
44,papatowai,-46.5619,169.4708,12.74,76,90,6.54,NZ,1744183457
45,port-aux-francais,-49.35,70.2167,7.66,92,100,14.32,TF,1744183459
46,mana,5.6592,-53.7767,24.72,92,100,4.23,GF,1744183460
47,ribeira grande,38.5167,-28.7,15.22,72,40,4.63,PT,1744183461
48,thompson,55.7435,-97.8558,-1.91,46,40,2.57,CA,1744183462
49,garden city,42.3256,-83.331,-2.84,76,75,1.54,US,1744183463
50,kavieng,-2.5744,150.7967,28.77,75,27,3.94,PG,1744183464
51,bethel,41.3712,-73.414,-0.55,55,4,3.13,US,1744183465
52,ulsteinvik,62.3432,5.8487,6.84,78,100,0.89,NO,1744183466
53,west island,-12.1568,96.8225,28.25,79,8,9.5,CC,1744183467
54,saint-philippe,-21.3585,55.7679,28.84,71,11,3.78,RE,1744183469
55,talnakh,69.4865,88.3972,-12.58,85,100,2.45,RU,1744183470
56,keflavik,64.0049,-22.5624,9.24,87,75,14.92,IS,1744183471
57,sabang,5.8933,95.3214,28.69,70,94,2.47,ID,1744183472
58,usinsk,65.9939,57.5281,-3.35,65,13,4.93,RU,1744183473
59,katsuura,35.1333,140.3,15.52,68,0,5.63,JP,1744183474
60,ma'an,26.9775,110.7211,25.88,59,100,1.34,CN,1744183475
61,puerto ayora,-0.7393,-90.3518,25.31,99,31,0.45,EC,1744183477
62,montepuez,-13.1256,38.9997,25.75,77,47,0.87,MZ,1744183479
63,qaqortoq,60.7167,-46.0333,-1.84,93,100,2.75,GL,1744183480
64,ta`u,-14.2336,-169.5144,28.78,75,51,8.36,AS,1744183481
65,taroa,8.7058,171.2275,27.19,82,7,7.97,MH,1744183482
66,champerico,14.3,-91.9167,27.98,93,99,4.39,GT,1744183483
67,reggane,26.7158,0.1714,21.35,23,0,7.62,DZ,1744183484
68,el sauzal de rodriguez,31.9,-116.6833,13.01,99,25,1.34,MX,1744183485
69,kerikeri,-35.2268,173.9474,15.51,75,0,2.43,NZ,1744183486
70,hawaiian paradise park,19.5933,-154.9731,22.73,90,100,0.0,US,1744183487
71,kuraymah,18.55,31.85,35.32,5,0,3.16,SD,1744183489
72,uravakonda,14.95,77.2667,35.43,24,2,1.54,IN,1744183490
73,calvinia,-31.4707,19.776,15.9,77,40,0.51,ZA,1744183491
74,kolokani,13.5728,-8.0339,26.52,12,3,4.6,ML,1744183492
75,tobelo,1.7284,128.0095,29.13,70,100,3.67,ID,1744183493
76,malmesbury,-33.4608,18.7271,17.78,85,80,1.46,ZA,1744183515
77,asau,46.4333,26.4,1.48,65,100,1.89,RO,1744183516
78,kiunga,-6.1219,141.2906,28.78,73,100,1.4,PG,1744183382
79,tromso,69.6496,18.957,-3.99,80,40,10.8,NO,1744183518
80,luderitz,-26.6481,15.1594,18.94,64,0,2.46,NA,1744183520
81,aykhal,66.0,111.5,-12.82,82,100,5.36,RU,1744183521
82,la paz,-16.5,-68.15,7.99,100,75,3.09,BO,1744183522
83,beberibe,-4.1797,-38.1306,24.44,93,100,3.68,BR,1744183523
84,kuanda,56.3161,116.0806,-0.25,60,98,1.63,RU,1744183525
85,mutoko,-17.397,32.2268,24.64,51,5,0.64,ZW,1744183526
86,aur,8.1499,171.1687,27.25,82,81,8.57,MH,1744183262
87,edinburgh of the seven seas,-37.0676,-12.3116,17.12,97,100,11.11,SH,1744183528
88,shache,38.4167,77.2406,26.65,12,27,1.91,CN,1744183529
89,hamilton,39.1834,-84.5333,0.69,79,0,0.0,US,1744183530
90,isafjordur,66.0755,-23.124,9.02,76,75,2.57,IS,1744183531
91,oujda-angad,34.6805,-1.9076,14.35,77,20,1.03,MA,1744183532
92,komyshuvakha,47.7176,35.5288,4.73,63,100,4.05,UA,1744183533
93,katsuren-haebaru,26.3369,127.8719,23.21,58,40,4.12,JP,1744183535
94,severo-yeniseyskiy,60.3725,93.0408,-5.04,64,100,1.96,RU,1744183536
95,whitehorse,60.7161,-135.0538,1.43,60,20,4.63,CA,1744183537
96,yeppoon,-23.1333,150.7333,24.54,65,2,8.81,AU,1744183538
97,coyhaique,-45.5752,-72.0662,7.89,91,99,1.93,CL,1744183539
98,st. john's,47.5649,-52.7093,0.64,96,100,2.57,CA,1744183315
99,zhangye,38.9342,100.4517,20.33,10,77,6.15,CN,1744183541
100,bilibino,68.0546,166.4372,-8.11,95,29,1.46,RU,1744183542
101,olonkinbyen,70.9221,-8.7187,-4.6,94,100,12.55,SJ,1744183544
102,awjilah,29.1081,21.2869,15.61,43,0,8.07,LY,1744183545
103,dudinka,69.4058,86.1778,-14.1,87,100,3.28,RU,1744183546
104,puerto la cruz,10.2167,-64.6167,24.64,93,100,2.61,VE,1744183548
105,longyearbyen,78.2186,15.6401,-14.09,51,20,4.12,SJ,1744183549
106,nyazepetrovsk,56.0531,59.6028,12.84,46,100,4.69,RU,1744183550
107,hersbruck,49.5125,11.4339,4.2,77,100,0.64,DE,1744183552
108,myeik,12.4333,98.6,30.71,65,43,5.24,MM,1744183553
109,tekkalakote,15.5333,76.8833,36.81,22,5,1.65,IN,1744183554
110,sinop,41.7711,34.8709,1.54,92,100,2.48,TR,1744183555
111,ushuaia,-54.8,-68.3,8.81,66,0,1.54,AR,1744183516
112,kill devil hills,36.0307,-75.676,9.99,59,0,5.14,US,1744183557
113,enewetak,11.3474,162.3373,27.68,76,1,7.04,MH,1744183558
114,allapalli,19.4167,80.0667,40.57,22,0,1.54,IN,1744183559
115,uniao da vitoria,-26.23,-51.0864,16.54,100,100,0.22,BR,1744183397
116,mejit,10.2753,170.8646,27.26,80,2,8.71,MH,1744183562
117,ocean city,39.2776,-74.5746,2.22,53,0,3.58,US,1744183560
118,copiapo,-27.3667,-70.3333,15.55,71,0,1.12,CL,1744183566
119,arua,3.0201,30.9111,23.22,69,99,3.25,UG,1744183567
120,badger,64.8,-147.5333,-4.45,69,75,3.6,US,1744183568
121,questembert,47.6667,-2.4667,8.32,87,35,6.69,FR,1744183569
122,jiayuguan,39.8167,98.3,18.84,14,100,9.14,CN,1744183571
123,birobidzhan,48.8,132.95,14.76,42,87,7.7,RU,1744183572
124,broken hill,-31.95,141.4333,22.94,25,100,3.28,AU,1744183574
125,susuman,62.7833,148.1667,0.7,86,78,5.76,RU,1744183575
126,port douglas,-16.4833,145.4667,26.67,73,100,7.84,AU,1744183576
127,la passe,45.5549,-0.8967,9.76,69,100,4.06,FR,1744183577
128,alegrete,-29.7831,-55.7919,16.55,96,100,2.3,BR,1744183578
129,utrik,11.2278,169.8474,27.22,82,0,7.16,MH,1744183580
130,kapuskasing,49.4169,-82.4331,-15.95,78,75,1.54,CA,1744183581
131,rongelap,11.1635,166.8941,27.34,85,4,7.63,MH,1744183582
132,olyokminsk,60.3736,120.4264,0.27,59,98,2.08,RU,1744183583
133,thunder bay,48.4001,-89.3168,-5.01,79,100,0.0,CA,1744183569
134,borogontsy,62.6683,131.1683,-0.16,89,100,1.69,RU,1744183585
135,udachny,66.4167,112.4,-11.33,76,100,4.45,RU,1744183586
136,jinxiang,27.4327,120.6062,21.55,72,100,3.17,CN,1744183587
137,chonchi,-42.6128,-73.8092,10.07,96,99,0.81,CL,1744183588
138,antofagasta,-23.65,-70.4,17.6,89,77,0.4,CL,1744183590
139,manta,-0.95,-80.7333,25.04,89,100,1.37,EC,1744183591
140,vyazemskiy,47.5378,134.7525,17.44,30,12,6.21,RU,1744183592
141,kodiak,57.79,-152.4072,0.73,51,100,2.06,US,1744183593
142,inirida,3.8653,-67.9239,22.93,96,100,0.82,CO,1744183595
143,esperanza,19.5847,-70.9849,22.39,90,7,0.45,DO,1744183596
144,port elizabeth,-33.918,25.5701,19.62,96,69,3.58,ZA,1744183597
145,margaret river,-33.95,115.0667,20.56,60,0,4.73,AU,1744183599
146,nantucket,41.2835,-70.0995,0.08,51,0,13.08,US,1744183600
147,hermanus,-34.4187,19.2345,17.67,89,100,3.3,ZA,1744183601
148,lihue,21.9789,-159.3672,22.77,73,100,7.72,US,1744183602
149,kostinbrod,42.8167,23.2167,1.99,55,4,3.02,BG,1744183603
150,karratha,-20.7377,116.8463,34.59,42,5,5.63,AU,1744183604
151,flying fish cove,-10.4217,105.6791,29.82,84,75,5.14,CX,1744183605
152,fisterra,42.9049,-9.2629,16.39,72,100,2.29,ES,1744183606
153,temiskaming shores,47.4938,-79.7153,-13.11,98,58,1.13,CA,1744183608
154,bakchar,57.0186,82.0711,5.1,50,86,3.68,RU,1744183609
155,sumbawa besar,-8.5,117.4333,30.33,75,99,2.35,ID,1744183610
156,namibe,-15.1961,12.1522,21.29,76,69,2.23,AO,1744183611
157,arteche,12.2645,125.4048,29.01,67,100,2.88,PH,1744183612
158,nacozari viejo,30.4,-109.65,13.41,13,0,1.44,MX,1744183613
159,tolanaro,-25.0319,46.9987,28.19,71,0,1.62,MG,1744183614
160,acarau,-2.8856,-40.12,25.77,87,100,3.85,BR,1744183615
161,maun,-19.9833,23.4167,24.87,66,96,1.07,BW,1744183487
162,taro,-8.3862,115.28,27.1,77,100,1.31,ID,1744183618
163,prainha,-1.8,-53.48,22.85,99,80,0.76,BR,1744183619
164,stephenville,32.2207,-98.2023,15.08,46,0,3.09,US,1744183620
165,chinde,26.8212,87.7095,31.4,39,90,2.81,NP,1744183621
166,mirandopolis,-21.1336,-51.1017,20.54,90,41,1.67,BR,1744183622
167,saint-pierre,-21.3393,55.4781,29.82,70,0,2.57,RE,1744183623
168,acacoyagua,15.35,-92.65,26.73,76,0,2.29,MX,1744183624
169,petropavlovsk-kamchatsky,53.0452,158.6483,0.33,69,75,4.0,RU,1744183625
170,tual,-5.6667,132.75,28.22,76,70,4.94,ID,1744183627
171,puerto gaitan,4.3133,-72.0816,24.33,91,99,1.92,CO,1744183628
172,haiku-pauwela,20.9219,-156.3051,23.36,81,75,6.71,US,1744183629
173,marka,1.7159,44.7717,30.11,67,96,3.98,SO,1744183630
174,saint-francois,46.4154,3.9054,10.36,79,0,0.77,FR,1744183632
175,hatta,24.1167,79.6,39.93,9,5,1.84,IN,1744183371
176,chui,-33.6971,-53.4616,17.99,90,100,8.88,UY,1744183634
177,quarteira,37.0695,-8.1006,19.87,40,0,6.69,PT,1744183635
178,alice springs,-23.7,133.8833,29.75,20,4,2.57,AU,1744183636
179,grand falls-windsor,48.9332,-55.6649,-1.94,90,100,1.34,CA,1744183637
180,berezovo,63.9381,65.0419,-3.5,83,69,4.37,RU,1744183638
181,geraldton,-28.7667,114.6,27.23,50,0,8.23,AU,1744183639
182,saldanha,-33.0117,17.9442,17.54,87,54,2.67,ZA,1744183640
183,sumenep,-7.0167,113.8667,30.28,68,0,3.3,ID,1744183642
184,georgetown,5.4112,100.3354,27.97,66,40,4.12,MY,1744183643
185,ad dilam,23.9915,47.1627,32.29,17,0,4.04,SA,1744183644
186,ambon,-3.6954,128.1814,30.08,70,40,2.57,ID,1744183645
187,saipan,15.1355,145.701,29.39,65,40,2.57,MP,1744183646
188,stanley,54.868,-1.6985,4.74,94,75,2.57,GB,1744183647
189,jiaozuo,35.2397,113.2331,29.67,9,66,8.21,CN,1744183648
190,kirawsk,53.2686,29.4736,-0.98,73,100,3.4,BY,1744183649
191,aden,12.7794,45.0367,27.63,68,2,4.13,YE,1744183650
192,marand,38.4329,45.7749,18.34,44,0,5.22,IR,1744183652
193,dolores,-36.3132,-57.6792,12.98,94,1,3.61,AR,1744183653
194,bengkulu,-3.8004,102.2655,29.44,67,18,3.87,ID,1744183654
195,atlantic beach,30.3344,-81.3987,15.57,93,0,0.45,US,1744183655
196,grajau,-5.8194,-46.1386,21.34,97,26,0.78,BR,1744183490
197,ipatovo,45.7181,42.9036,1.53,96,100,3.01,RU,1744183657
198,una,20.8167,71.0333,38.45,19,0,2.05,IN,1744183658
199,santa marta,11.2408,-74.199,27.16,79,0,2.24,CO,1744183660
200,point pedro,9.8167,80.2333,30.77,63,100,2.42,LK,1744183661
201,viedma,-40.8135,-62.9967,16.9,72,96,7.0,AR,1744183455
202,hithadhoo,-0.6,73.0833,27.42,76,100,3.49,MV,1744183663
203,vallenar,-28.5708,-70.7581,16.31,68,0,0.3,CL,1744183665
204,carnarvon,-24.8667,113.6333,28.59,55,0,8.69,AU,1744183666
205,namtsy,62.7161,129.6658,0.02,89,100,3.06,RU,1744183667
206,harnai,30.1005,67.9374,32.36,15,100,3.13,PK,1744183669
207,bubaque,11.2833,-15.8333,24.17,68,27,3.95,GW,1744183670
208,verkhnevilyuysk,63.4453,120.3167,-4.7,72,100,2.08,RU,1744183671
209,port lincoln,-34.7333,135.8667,22.89,58,83,7.05,AU,1744183672
210,avarua,-21.2078,-159.775,27.03,83,40,4.63,CK,1744183673
211,bornu yassu,12.2774,12.5552,33.88,10,96,2.3,NG,1744183674
212,coahuayana de hidalgo,18.7,-103.6583,19.95,91,1,1.6,MX,1744183675
213,uturoa,-16.7333,-151.4333,28.37,75,99,9.0,PF,1744183676
214,college,64.8569,-147.8028,-4.4,64,75,3.6,US,1744183677
215,yarmouth,41.7057,-70.2286,0.03,65,0,9.39,US,1744183679
216,constantia,44.1833,28.65,6.5,58,16,5.27,RO,1744183680
217,zhob,31.3411,69.4481,29.67,17,100,3.49,PK,1744183681
218,sitka,57.0531,-135.33,4.94,81,75,3.6,US,1744183682
219,al majaridah,19.1236,41.9111,34.44,26,18,3.08,SA,1744183684
220,cidreira,-30.1811,-50.2056,20.21,92,97,3.27,BR,1744183685
221,bel ombre,-4.6167,55.4167,30.91,74,40,3.09,SC,1744183686
222,vilyuysk,63.7553,121.6247,-5.08,71,100,2.88,RU,1744183688
223,anadyr,64.75,177.4833,-11.72,79,0,3.0,RU,1744183689
224,quellon,-43.1167,-73.6167,8.61,89,96,1.81,CL,1744183685
225,aasiaat,68.7098,-52.8699,2.99,72,100,6.67,GL,1744183691
226,nkhotakota,-12.9274,34.2961,26.32,70,9,1.13,MW,1744183692
227,pandan,14.0453,124.1694,29.49,64,100,3.55,PH,1744183693
228,hotan,37.0997,79.9269,26.82,9,96,3.53,CN,1744183694
229,kuragino,53.8975,92.6725,9.95,73,100,3.31,RU,1744183695
230,atafu village,-8.5421,-172.5159,26.88,82,100,4.05,TK,1744183696
231,necochea,-38.5473,-58.7368,14.05,88,0,4.16,AR,1744183671
232,ashland,40.8167,-82.2665,-2.07,94,3,2.43,US,1744183699
233,lundazi,-12.2929,33.1782,23.76,67,40,1.34,ZM,1744183700
234,oodweyne,9.4092,45.064,27.24,24,5,3.76,SO,1744183701
235,kayangel,8.0823,134.7173,28.19,80,100,6.26,PW,1744183702
236,umba,66.6871,34.3429,-2.13,68,19,6.24,RU,1744183703
237,tynda,55.1667,124.7167,-0.76,86,100,4.95,RU,1744183704
238,weno,7.4515,151.8468,29.97,79,40,3.6,FM,1744183705
239,magadan,59.5667,150.8,0.78,98,100,0.54,RU,1744183706
240,gadzhiyevo,69.2551,33.3362,-2.13,92,69,6.6,RU,1744183708
241,qaisumah,28.3112,46.1273,33.98,20,0,3.09,SA,1744183709
242,pushkinskiye gory,57.0209,28.9103,2.35,48,30,5.23,RU,1744183710
243,nemuro,43.3236,145.575,3.64,92,100,2.39,JP,1744183711
244,puerto armuelles,8.2833,-82.8667,27.83,75,86,0.45,PA,1744183713
245,smithers,54.7804,-127.1743,2.18,87,100,1.54,CA,1744183714
246,tura,25.5198,90.2201,36.02,26,0,3.12,IN,1744183715
247,socorro,31.6546,-106.3033,16.56,20,0,4.12,US,1744183717
248,barcelos,41.5388,-8.6151,14.94,72,29,2.46,PT,1744183718
249,matoury,4.8483,-52.3317,25.98,94,75,0.0,GF,1744183719
250,belyye stolby,55.3314,37.854,0.07,74,75,7.0,RU,1744183720
251,retreat,38.8245,-85.8533,-0.5,91,7,1.38,US,1744183721
252,kamin-kashyrskyi,51.6241,24.9586,2.72,53,9,3.48,UA,1744183722
253,aksu,41.1231,80.2644,24.58,12,89,1.56,CN,1744183723
254,kalmunai,7.4167,81.8167,30.67,65,83,1.49,LK,1744183724
255,alotau,-10.3069,150.4462,29.17,70,99,1.82,PG,1744183725
256,mount gambier,-37.8333,140.7667,17.01,52,100,1.5,AU,1744183727
257,chernyshevsk,52.5243,117.0174,7.41,56,100,5.27,RU,1744183728
258,lompoc,34.6391,-120.4579,11.23,85,100,1.54,US,1744183729
259,laixi,36.8592,120.5269,19.54,37,3,7.19,CN,1744183730
260,maryborough,-25.5333,152.7,21.13,81,3,3.22,AU,1744183731
261,vila franca do campo,37.7167,-25.4333,15.23,82,100,3.62,PT,1744183732
262,pavlogradka,54.2024,73.5592,12.45,60,16,2.39,RU,1744183733
263,newman,37.3138,-121.0208,13.36,74,0,0.89,US,1744183734
264,klyuchi,52.2667,79.1667,12.83,58,26,3.61,RU,1744183736
265,fegyvernek,47.2667,20.5333,5.01,68,27,2.62,HU,1744183737
266,toliara,-23.35,43.6667,27.81,68,10,4.47,MG,1744183738
267,ancud,-41.8697,-73.8203,10.25,89,72,2.26,CL,1744183739
268,nova xavantina,-14.6667,-52.35,21.93,92,100,1.17,BR,1744183740
269,paramirim,-13.4425,-42.2389,20.58,83,89,2.17,BR,1744183741
270,novodvinsk,64.4165,40.8122,-1.14,59,25,2.4,RU,1744183742
271,punta arenas,-53.15,-70.9167,6.06,93,0,3.6,CL,1744183743
272,long beach,33.767,-118.1892,16.14,88,0,0.45,US,1744183691
273,namdrik,5.5994,168.1028,27.84,84,21,6.68,MH,1744183746
274,arawa,-6.2132,155.5367,27.87,83,38,0.86,PG,1744183747
275,camiri,-20.05,-63.5167,15.64,60,100,0.7,BO,1744183748
276,iskateley,67.6803,53.1512,-5.98,86,8,7.04,RU,1744183749
277,san pedro pochutla,15.7333,-96.4667,25.4,80,100,1.1,MX,1744183750
278,moyynkum,44.2914,72.9469,21.07,34,80,3.65,KZ,1744183751
279,box elder,41.5005,-112.8764,10.5,57,100,2.24,US,1744183752
280,ishigaki,24.3448,124.1572,24.07,73,75,3.09,JP,1744183753
281,santa terezinha,-29.9002,-50.0904,20.42,91,80,3.05,BR,1744183755
282,camana,-16.6228,-72.7111,20.32,86,20,2.85,PE,1744183756
283,el matama,16.7095,33.3565,36.02,7,8,4.58,SD,1744183757
284,daru,-9.0763,143.2092,27.53,82,100,3.99,PG,1744183758
285,hell-ville,-13.4,48.2667,30.93,74,40,1.03,MG,1744183759
286,fortuna,40.5982,-124.1573,7.97,95,0,2.57,US,1744183732
287,kavaratti,10.5669,72.642,28.6,77,18,4.2,IN,1744183761
288,fale old settlement,-9.3852,-171.2468,27.75,78,100,3.46,TK,1744183762
289,ust-nera,64.5667,143.2,0.2,95,100,2.37,RU,1744183763
290,rumbek,6.802,29.6912,29.81,50,100,1.93,SS,1744183765
291,bellampalli,19.0558,79.493,37.93,24,0,2.42,IN,1744183766
292,kos,36.8933,27.2889,11.69,56,4,9.4,GR,1744183767
293,ampanihy,-24.7,44.75,27.65,56,1,4.72,MG,1744183768
294,kailua-kona,19.6406,-155.9956,22.98,94,0,3.09,US,1744183769
295,collie,-33.3667,116.15,24.62,39,0,3.47,AU,1744183770
296,shagonar,51.5333,92.8,9.5,49,100,1.7,RU,1744183771
297,zhanaozen,43.3,52.8,17.51,53,42,2.81,KZ,1744183772
298,jamestown,42.097,-79.2353,-4.77,72,75,2.57,US,1744183773
299,chapaev,50.2,51.1667,9.01,47,100,4.41,KZ,1744183744
300,puerto san jose,13.9256,-90.8244,27.61,84,95,5.14,GT,1744183657
301,nikolayevka,53.1257,47.2041,3.54,47,98,8.09,RU,1744183777
302,illizi,26.4833,8.4667,18.57,29,0,4.26,DZ,1744183778
303,vila velha,-20.3297,-40.2925,25.53,90,97,1.49,BR,1744183779
304,kushiro,42.975,144.3747,5.53,100,75,3.09,JP,1744183780
305,polyarnyy,69.1989,33.4478,-2.79,91,96,7.38,RU,1744183767
306,nosy varika,-20.5833,48.5333,29.44,65,22,3.2,MG,1744183782
307,afaahiti,-17.75,-149.2833,26.77,81,67,9.28,PF,1744183783
308,vadso,70.0744,29.7487,-4.91,93,40,17.49,NO,1744183785
309,nuuk,64.1835,-51.7216,1.34,86,100,9.77,GL,1744183706
310,vernon,50.2581,-119.2691,7.09,81,58,2.06,CA,1744183788
311,shuangyang,43.5242,125.6736,15.18,34,100,5.87,CN,1744183789
312,hammerfest,70.6634,23.6821,-5.75,86,75,10.8,NO,1744183790
313,lent'ekhi,42.7856,42.7261,7.16,95,100,1.85,GE,1744183791
314,nova sintra,14.8667,-24.7167,22.78,76,30,9.28,CV,1744183793
315,westerland,54.9079,8.3033,6.07,83,100,6.69,DE,1744183794
316,estreito,-5.7833,-43.25,21.77,86,100,0.32,BR,1744183795
317,zapala,-38.8992,-70.0544,10.72,76,100,1.31,AR,1744183796
318,villa gesell,-37.2639,-56.973,17.55,82,0,7.17,AR,1744183797
319,salinas,36.6777,-121.6555,12.29,86,0,0.0,US,1744183798
320,khilok,51.3674,110.4676,9.82,53,100,7.34,RU,1744183799
321,north bondi,-33.8824,151.2769,21.96,70,40,7.2,AU,1744183800
322,laojunmiao,39.8333,97.7333,15.77,17,43,8.33,CN,1744183802
323,gunjur,13.2019,-16.7339,20.24,81,0,4.21,GM,1744183803
324,xining,36.6167,101.7667,16.07,16,100,6.87,CN,1744183804
325,bikenibeu village,1.3673,173.1241,27.48,85,88,5.75,KI,1744183805
326,san juan,-31.5375,-68.5364,16.21,56,0,3.15,AR,1744183528
327,gubakha,58.8386,57.5532,3.42,97,100,4.66,RU,1744183807
328,al ghayzah,16.2079,52.176,32.74,36,0,4.25,YE,1744183808
329,lanzhou,36.0564,103.7922,18.51,17,100,4.75,CN,1744183809
330,myanaung,18.2833,95.3167,37.23,23,95,2.85,MM,1744183811
331,san patricio,28.017,-97.5169,14.97,72,0,3.4,US,1744183812
332,ardakan,32.31,54.0175,27.81,19,0,2.12,IR,1744183813
333,weyburn,49.6668,-103.8511,5.12,65,100,3.6,CA,1744183814
334,horta,38.5333,-28.6333,14.8,83,40,5.36,PT,1744183815
335,melekeok village,7.4957,134.6367,29.31,79,100,3.09,PW,1744183816
336,tanda,26.55,82.65,40.4,14,0,3.42,IN,1744183817
337,howrah,22.5892,88.3103,33.0,49,40,4.63,IN,1744183818
338,sisimiut,66.9395,-53.6735,-4.55,97,80,1.88,GL,1744183820
339,wanning,18.8003,110.3967,27.58,68,61,3.73,CN,1744183821
340,mitu,1.1983,-70.1733,22.19,100,100,0.97,CO,1744183822
341,tunceli,39.1083,39.5471,15.74,69,100,5.61,TR,1744183823
342,liwale,-9.7667,37.9333,28.26,67,67,1.1,TZ,1744183824
343,arraial do cabo,-22.9661,-42.0278,22.61,79,100,8.41,BR,1744183825
344,east london,-33.0153,27.9116,21.52,73,0,4.12,ZA,1744183826
345,ad dabbah,18.05,30.95,38.09,4,1,3.35,SD,1744183827
346,maudaha,25.6833,80.1167,40.19,13,0,2.12,IN,1744183828
347,howard springs,-12.497,131.047,30.95,67,99,3.0,AU,1744183830
348,boulder city,35.9786,-114.8325,23.1,22,5,3.08,US,1744183831
349,cabo san lucas,22.8909,-109.9124,20.98,51,0,2.83,MX,1744183580
350,bangjun,39.9911,117.2628,22.92,26,79,3.88,CN,1744183833
351,mabaruma,8.2,-59.7833,22.96,95,79,0.72,GY,1744183835
352,port macquarie,-31.4333,152.9167,21.15,78,7,0.89,AU,1744183836
353,embi,48.8264,58.1442,20.19,44,100,5.64,KZ,1744183838
354,sinabang,2.4803,96.3801,29.03,73,97,1.72,ID,1744183839
355,panaba,21.2833,-88.2667,20.96,65,95,3.45,MX,1744183840
356,piui,-20.4653,-45.9581,16.86,83,49,0.86,BR,1744183841
357,seven pagodas,12.6264,80.1722,32.25,55,0,7.66,IN,1744183842
358,porto novo,6.4965,2.6036,27.9,79,100,2.5,BJ,1744183756
359,sarmiento,-45.5882,-69.07,15.89,59,70,3.92,AR,1744183844
360,hurricane,37.1753,-113.2899,17.26,31,7,3.27,US,1744183794
361,shizuishan,39.2333,106.7694,17.33,19,6,6.34,CN,1744183847
362,praia,14.9215,-23.5087,23.3,53,0,8.23,CV,1744183742
363,horovice,49.836,13.9027,8.49,65,100,1.04,CZ,1744183849
364,nagqu,31.5,92.0,8.91,11,100,6.63,CN,1744183850
365,mangrol,21.1167,70.1167,32.04,43,0,6.84,IN,1744183851
366,sarykemer,43.0,71.5,19.71,39,100,3.92,KZ,1744183854
367,leppavirta,62.4901,27.7826,0.38,59,60,6.6,FI,1744183855
368,andovoranto,-18.95,49.1,30.68,60,4,4.09,MG,1744183857
369,qui nhon,13.7667,109.2333,27.52,68,9,3.62,VN,1744183858
370,shahr-e babak,30.1165,55.1186,24.88,18,0,1.59,IR,1744183859
371,puerto baquerizo moreno,-0.9,-89.6,26.35,82,39,1.43,EC,1744183861
372,ebon,4.582,168.6964,27.62,83,34,7.36,MH,1744183862
373,chania,35.5122,24.0156,23.6,100,75,2.57,GR,1744183863
374,oamaru,-45.0784,170.9801,11.32,70,11,3.04,NZ,1744183864
375,riviere-du-loup,47.8304,-69.5342,-4.51,69,100,5.66,CA,1744183865
376,roleystone,-32.1167,116.0667,25.62,50,0,6.17,AU,1744183867
377,point pleasant,40.0832,-74.0682,1.27,50,0,4.63,US,1744183868
378,hilo,19.7297,-155.09,22.85,84,100,0.45,US,1744183870
379,dzilam gonzalez,21.2833,-88.9333,21.33,63,46,2.16,MX,1744183871
380,port alfred,-33.5906,26.891,21.77,89,60,2.24,ZA,1744183872
381,noosa heads,-26.3833,153.15,22.22,72,23,7.18,AU,1744183873
382,san jose del cabo,23.0589,-109.6977,20.97,44,0,2.06,MX,1744183630
383,sao tome,0.3365,6.7273,27.9,79,100,4.73,ST,1744183876
384,sittwe,20.15,92.9,30.13,59,100,4.89,MM,1744183877
385,vilyuchinsk,52.9306,158.4028,1.15,93,99,0.36,RU,1744183878
386,souillac,-20.5167,57.5167,30.21,74,100,6.69,MU,1744183879
387,siwa oasis,29.2041,25.5195,19.75,54,23,6.38,EG,1744183880
388,east ballina,-28.8667,153.5833,19.24,74,58,4.53,AU,1744183882
389,kendal,54.3268,-2.7476,8.26,55,0,2.58,GB,1744183883
390,tazacorte,28.629,-17.9293,17.54,68,20,3.09,ES,1744183884
391,kharp,66.8014,65.8081,-6.85,83,37,3.48,RU,1744183885
392,hot springs,34.5037,-93.0552,7.61,80,0,1.29,US,1744183691
393,sanghar,26.0466,68.9481,40.03,12,100,9.94,PK,1744183888
394,alofi,-19.0595,-169.9187,25.94,89,13,2.57,NU,1744183889
395,qusmuryn,52.4503,64.6311,19.37,38,45,5.17,KZ,1744183890
396,gereida,11.2811,25.1414,34.95,29,32,3.35,SD,1744183891
397,aras-asan,8.8908,126.3033,29.71,63,99,2.91,PH,1744183892
398,baise city,23.8997,106.6133,34.05,39,100,2.03,CN,1744183893
399,vire,48.9167,-0.8333,8.25,79,0,4.6,FR,1744183894
400,tanjung selor,2.8372,117.3642,31.2,59,41,1.96,ID,1744183895
401,brookings,44.3114,-96.7984,4.51,56,40,2.57,US,1744183619
402,callao,-12.0667,-77.15,21.51,88,40,5.14,PE,1744183600
403,belmonte,-15.8631,-38.8828,23.34,91,68,2.29,BR,1744183899
404,tabas,33.5959,56.9244,30.2,17,0,4.06,IR,1744183902
405,westport,41.1415,-73.3579,1.01,49,0,5.36,US,1744183653
406,cole harbour,44.6724,-63.4751,-0.6,97,100,2.57,CA,1744183905
407,semporna,4.4818,118.6112,29.58,69,92,2.45,MY,1744183906
408,odacho-oda,35.1833,132.5,16.77,64,100,1.22,JP,1744183907
409,koubia,11.5833,-11.9,25.55,58,76,1.62,GN,1744183909
410,mondim de basto,41.4135,-7.9548,17.18,68,44,1.91,PT,1744183910
411,brisas de zicatela,15.8369,-97.0419,26.17,79,100,2.89,MX,1744183911
412,san jorge,-31.8962,-61.8598,16.26,97,100,3.0,AR,1744183694
413,la ronge,55.1001,-105.2842,2.14,69,100,2.06,CA,1744183913
414,dhidhdhoo,6.8833,73.1,29.36,70,100,1.6,MV,1744183914
415,lerwick,60.1545,-1.1494,8.11,86,70,4.42,GB,1744183918
416,masterton,-40.9597,175.6575,7.85,70,0,0.61,NZ,1744183919
417,bodo,67.28,14.405,0.02,62,75,9.77,NO,1744183920
418,jonquiere,48.4165,-71.2488,-7.33,58,47,3.09,CA,1744183921
419,vrontados,38.4089,26.1328,9.92,53,20,6.17,GR,1744183922
420,xilin hot,43.9667,116.0333,16.64,13,3,1.94,CN,1744183944
421,hadibu,12.65,54.0333,29.7,54,6,2.36,YE,1744183945
422,midvagur,62.0511,-7.1939,7.46,76,75,2.57,FO,1744183946
423,nouadhibou,20.931,-17.0347,17.99,88,0,0.0,MR,1744183948
424,bolkow,50.922,16.1011,5.1,50,96,2.17,PL,1744183762
425,badiyah,22.45,58.8,39.21,7,0,4.6,OM,1744183950
426,penonome,8.5167,-80.3667,26.11,76,100,3.58,PA,1744183951
427,dunkirk,51.05,2.3667,8.36,76,0,6.21,FR,1744183854
428,ndioum,16.5129,-14.6471,26.86,27,2,6.19,SN,1744183953
429,wadebridge,50.5173,-4.8363,9.65,66,0,3.09,GB,1744183954
430,pisco,-13.7,-76.2167,19.03,82,67,1.03,PE,1744183955
431,fuding,27.3273,120.214,27.28,54,100,2.59,CN,1744183752
432,morehead city,34.7229,-76.726,12.22,75,0,3.13,US,1744183958
433,okhotsk,59.3833,143.3,0.41,99,100,3.32,RU,1744183959
434,qamdo,31.1667,97.2333,10.74,19,46,9.48,CN,1744183824
435,guerrero negro,27.9769,-114.0611,14.89,89,0,3.88,MX,1744183733
436,northam,51.0333,-4.2167,7.42,83,10,4.83,GB,1744183962
437,kargasok,59.0556,80.8572,-0.53,76,100,4.19,RU,1744183963
438,scarborough,54.2797,-0.4044,7.66,38,4,0.89,GB,1744183964
439,new norfolk,-42.7826,147.0587,15.51,65,1,1.53,AU,1744183965
440,atherton,53.5237,-2.4935,8.14,73,4,2.86,GB,1744183966
441,acapulco de juarez,16.8634,-99.8901,24.9,83,0,1.54,MX,1744183968
442,machali,-34.1833,-70.6667,17.11,70,100,0.47,CL,1744183969
443,alaghsas,17.0187,8.0168,28.94,9,0,5.14,NE,1744183970
444,chibougamau,49.9168,-74.3659,-16.21,85,100,4.12,CA,1744183942
445,kurchatov,51.6601,35.6521,0.42,56,100,5.31,RU,1744183972
446,tamanrasset,22.785,5.5228,20.95,17,0,8.23,DZ,1744183800
447,burutu,5.3509,5.5076,28.39,79,100,2.13,NG,1744183975
448,krasnik,50.9236,22.2271,4.01,58,100,4.49,PL,1744183976
449,bangassou,4.7413,22.8184,32.83,42,100,1.19,CF,1744183977
450,balakovo,52.0278,47.8007,5.78,39,100,7.37,RU,1744183978
451,hobyo,5.3505,48.5268,30.5,56,21,4.61,SO,1744183979
452,berezovyy,51.6667,135.7,4.26,100,100,2.62,RU,1744183980
453,gaspe,48.8334,-64.4819,-4.88,80,75,1.03,CA,1744183981
454,fiche,9.8,38.7333,20.69,22,15,3.48,ET,1744183982
455,hami,42.8,93.45,23.12,14,59,4.23,CN,1744183983
456,kutum,14.2,24.6667,31.22,22,6,2.55,SD,1744183985
457,puerto aysen,-45.4,-72.7,8.29,97,43,1.45,CL,1744183987
458,kununurra,-15.7667,128.7333,34.99,36,100,3.09,AU,1744183717
459,berdigestyakh,62.0989,126.6992,-3.56,88,100,3.34,RU,1744183989
460,rakops,-21.0167,24.3333,25.16,61,99,1.14,BW,1744183991
461,inongo,-1.95,18.2667,24.43,86,100,1.51,CD,1744183993
462,kalemie,-5.9475,29.1947,25.84,73,84,3.36,CD,1744183994
463,wewak,-3.5534,143.6268,27.34,83,92,3.36,PG,1744183995
464,happy valley-goose bay,53.3168,-60.3315,-13.83,72,0,2.06,CA,1744183996
465,nadi,-17.8,177.4167,28.0,78,75,3.6,FJ,1744183997
466,mar del plata,-38.0023,-57.5575,17.69,88,75,4.12,AR,1744183922
467,egilsstadir,65.2653,-14.3948,-0.05,100,0,2.06,IS,1744184000
468,yuzhno-kurilsk,44.0306,145.8556,3.23,94,99,1.3,RU,1744184002
469,kaduna,10.5222,7.4383,27.81,60,100,3.76,NG,1744184003
470,la mojonera,37.2923,-2.4373,12.82,35,98,1.48,ES,1744184004
471,tsiombe,-25.3,45.4833,29.32,53,2,4.47,MG,1744184005
472,huaquillas,-3.4833,-80.2333,23.94,90,100,0.48,EC,1744184006
473,manado,1.487,124.8455,28.43,89,40,2.06,ID,1744184007
474,loen,7.7601,168.2307,27.65,84,6,7.81,MH,1744184008
475,leh,34.1667,77.5833,0.14,76,100,1.91,IN,1744184009
476,mbanza kongo,-6.267,14.2401,24.4,87,64,0.67,AO,1744184010
477,kangding,30.0513,101.9603,16.98,42,97,1.5,CN,1744184012
478,grafton,42.207,-71.6856,-2.23,67,20,6.69,US,1744184013
479,ariquemes,-9.9133,-63.0408,21.39,96,100,0.43,BR,1744184014
480,labrador city,52.9463,-66.9114,-11.05,73,100,5.14,CA,1744183811
481,fort bragg,35.139,-79.006,7.5,71,0,2.24,US,1744183723
482,mahina,-17.5065,-149.489,26.87,69,0,1.03,PF,1744184017
483,parakou,9.3372,2.6303,28.9,59,93,4.93,BJ,1744184018
484,cannonvale,-20.2833,148.7,25.66,64,0,8.17,AU,1744184019
485,coquimbo,-29.9533,-71.3436,13.85,88,100,2.06,CL,1744184022
486,ha'il,27.5219,41.6907,29.01,21,0,3.09,SA,1744184023
487,pitimbu,-7.4706,-34.8086,26.36,81,93,4.62,BR,1744184024
488,along,28.1667,94.7667,33.59,17,0,2.04,IN,1744184025
489,almeirim,-1.5233,-52.5817,22.78,99,100,1.21,BR,1744184026
490,port sudan,19.6175,37.2164,31.7,44,48,4.24,SD,1744184027
491,napier,-39.4833,176.9167,12.93,74,3,2.49,NZ,1744184028
492,abeche,13.8292,20.8324,33.01,29,0,2.06,TD,1744184030
493,santa cruz,-17.8,-63.1667,19.7,94,100,2.57,BO,1744184031
494,ghadamis,30.1337,9.5007,18.51,44,0,4.87,LY,1744184032
495,tuy hoa,13.0833,109.3,29.19,64,25,4.38,VN,1744184033
496,ceelbuur,4.685,46.6176,31.89,47,21,1.71,SO,1744184034
497,parbatipur,25.6649,88.9247,36.45,29,58,3.2,BD,1744184035
498,jenbach,47.4013,11.7406,1.66,60,23,1.22,AT,1744184036
499,yanchep,-31.55,115.6833,25.36,57,2,6.51,AU,1744184037
500,qarqaraly,49.4058,75.4742,13.49,45,84,2.58,KZ,1744184038
501,nova vicosa,-17.8919,-39.3719,23.93,83,54,2.87,BR,1744184040
502,sao vicente,-23.9631,-46.3919,22.78,79,100,1.73,BR,1744184041
503,al kharijah,25.4514,30.5464,32.14,18,0,6.95,EG,1744184042
504,lockwood,45.8191,-108.4149,8.94,46,75,2.57,US,1744184043
505,balykshi,47.0667,51.8667,12.0,54,40,7.0,KZ,1744184044
506,puerto maldonado,-12.6,-69.1833,23.7,89,100,1.13,PE,1744184045
507,finale emilia,44.8346,11.2939,11.72,61,13,0.84,IT,1744184046
508,harper,4.375,-7.7169,26.79,84,100,0.87,LR,1744184047
509,manay,7.215,126.5397,29.71,65,6,4.65,PH,1744184049
510,isiro,2.7739,27.616,31.05,42,81,0.27,CD,1744184050
511,kavarna,43.4333,28.3333,7.54,60,40,5.14,BG,1744184051
512,gumdag,39.2061,54.5906,29.81,16,100,3.02,TM,1744184052
513,likiep,9.8251,169.3107,27.42,82,12,8.25,MH,1744184053
514,choyr,46.3611,108.3611,15.51,11,90,9.4,MN,1744184054
515,aleg,17.0481,-13.9209,27.68,24,0,6.69,MR,1744184055
516,punta cana,18.5818,-68.4043,24.87,88,40,4.12,DO,1744184056
517,saskatoon,52.1168,-106.6345,0.99,93,75,2.57,CA,1744183802
518,monchique,37.3177,-8.5553,15.29,58,100,2.21,PT,1744184059
519,villablino,42.9393,-6.3194,13.06,66,100,1.21,ES,1744184060
520,hasaki,35.7333,140.8333,15.02,54,6,8.18,JP,1744184061
521,sarangani,5.4033,125.4636,29.07,76,56,10.24,PH,1744184062
522,tocopilla,-22.092,-70.1979,19.55,72,0,1.84,CL,1744184063
523,boa vista,2.8197,-60.6733,23.99,94,20,2.06,BR,1744184064
524,bridlington,54.0831,-0.1919,6.68,61,5,1.79,GB,1744184066
525,minjur,13.2667,80.2667,35.03,51,10,6.44,IN,1744184067
526,uliastay,47.7417,96.8444,9.11,24,99,1.95,MN,1744184069
527,taoudenni,22.6783,-3.9836,27.16,14,0,7.81,ML,1744184070
528,hillsborough,37.5741,-122.3794,12.35,83,0,0.89,US,1744184046
529,kincardine,56.0667,-3.7167,8.15,83,4,2.09,GB,1744184072
530,tsengel,49.4783,100.8894,14.62,17,79,8.77,MN,1744184073
531,vondrozo,-22.8167,47.2833,29.56,51,2,3.11,MG,1744184074
532,heihe,50.2441,127.4902,12.32,26,24,7.32,CN,1744184050
533,yeniseysk,58.4497,92.1703,-0.84,47,100,2.51,RU,1744183833
534,bodaybo,57.8506,114.1933,0.5,71,100,1.35,RU,1744184078
535,charters towers,-20.1,146.2667,24.1,63,8,5.56,AU,1744184079
536,isna,25.2934,32.554,36.4,8,0,4.86,EG,1744184080
537,lata,40.1629,-8.3327,16.52,67,100,1.53,PT,1744184081
538,vega alta,18.4122,-66.3313,23.19,93,22,2.18,PR,1744184082
539,holualoa,19.6228,-155.9522,20.91,94,0,3.09,US,1744184083
540,port saint john's,-31.6229,29.5448,23.64,78,48,5.96,ZA,1744184043
541,mahajanga,-15.7167,46.3167,35.01,59,20,2.57,MG,1744184086
542,lethem,3.3803,-59.7968,23.23,94,26,4.21,GY,1744184087
543,amuntai,-2.4177,115.2494,23.46,97,100,0.6,ID,1744184088
544,ola,59.5833,151.2833,0.6,98,100,0.69,RU,1744184089
545,plettenberg bay,-34.0527,23.3716,17.56,94,100,7.39,ZA,1744183953
546,kingston,17.997,-76.7936,23.98,85,12,1.32,JM,1744184092
547,okha,53.5739,142.9478,-0.44,95,100,5.06,RU,1744184093
548,el jadid,33.2549,-8.506,18.83,70,100,3.21,MA,1744183854
549,tuyen quang,21.8233,105.2181,29.11,63,100,1.95,VN,1744184096
550,bembereke,10.2283,2.6634,29.2,55,96,3.68,BJ,1744184097
551,fort saskatchewan,53.7168,-113.2187,7.65,72,100,2.48,CA,1744184098
552,artigas,-30.4,-56.4667,17.25,97,100,1.55,UY,1744183832
553,jaguarao,-32.5661,-53.3758,18.55,94,88,8.05,BR,1744184100
554,midelt,32.6852,-4.7451,17.05,31,100,4.09,MA,1744184101
555,tierra nueva,21.6833,-100.5667,7.64,75,5,1.53,MX,1744184102
556,kirensk,57.7853,108.1119,0.02,63,100,5.24,RU,1744184105
557,ravar,31.2656,56.8055,27.62,16,0,3.34,IR,1744184106
558,haimen,23.1935,116.6142,25.25,68,54,7.41,CN,1744184107
559,praia da vitoria,38.7333,-27.0667,14.14,94,75,7.13,PT,1744184108
560,fene,43.45,-8.15,12.72,67,100,0.95,ES,1744184109
561,nova olinda do norte,-3.8881,-59.0942,22.81,99,100,0.27,BR,1744184110
562,rawai,7.7797,98.3253,29.4,68,88,3.07,TH,1744184112
563,rio grande,-32.035,-52.0986,19.81,93,88,10.32,BR,1744184114
564,singkil,-7.9855,111.4161,30.21,71,55,2.29,ID,1744184115
565,waiuku,-37.25,174.75,16.48,69,0,1.93,NZ,1744184116
566,sao gabriel da cachoeira,-0.1303,-67.0892,22.13,99,100,0.87,BR,1744184117
567,kamaishi,39.2667,141.8833,10.05,69,38,2.69,JP,1744184119
568,mossel bay,-34.1831,22.146,18.96,89,100,8.11,ZA,1744184120
569,patacamaya,-17.2333,-67.9167,6.67,86,94,3.86,BO,1744184121
570,macapa,0.0389,-51.0664,24.99,100,40,1.03,BR,1744184122
571,ramkola,26.9042,83.8411,40.11,16,2,3.55,IN,1744184124
572,mil'kovo,55.6078,37.7956,1.46,55,100,6.46,RU,1744184125
